eName,isPlanet,semimajorAxis,perihelion,aphelion,eccentricity,inclination,density,gravity,escape,meanRadius,equaRadius,polarRadius,flattening,dimension,sideralOrbit,sideralRotation,discoveryDate,mass_kg,volume,orbit_type,orbits,bondAlbido,geomAlbido,RV_abs,p_transit,transit_visibility,transit_depth,massj,semimajorAxis_AU,grav_int,is_exoplanet
(308933) 2006 SQ372,FALSO,1.52E+11,0,0,0,0,1,0,0,33,0,0,0,39x37x25,2.74,0,38987,2.4E+16,NA,Primary,NA,NA,NA,NA,45800000000,8.25E+11,22500000,12600,##########,##########,FALSE
1 Ceres,VERDADERO,413690250,382620000,445410000,7582,10593,2161,0.28,510,476.2,487,455,9619,NA,1681.63,44751,01/01/1801,9.39E+20,4210000000,Primary,NA,NA,0.09,8440000000,1.6844E+16,3.03191E+14,468000000,494000000,##########,7.2871E+17,FALSE
10 Hygiea,FALSO,469345000,0,0,0,0,1,0,0,33,0,0,0,39x37x25,2.74,0,12/04/1849,2.4E+16,NA,Primary,NA,NA,NA,NA,1.48372E+15,2.67069E+15,22500000,12600,##########,1.44699E+13,FALSE
101955 Bennu,FALSO,168400000,0,0,0,0,1,0,0,33,0,0,0,39x37x25,2.74,0,36414,2.4E+16,NA,Primary,NA,NA,NA,NA,4.13524E+15,7.44344E+15,22500000,12600,##########,1.124E+14,FALSE
10199 Chariklo,FALSO,2380000000,0,0,0,0,1,0,0,33,0,0,0,39x37x25,2.74,0,35476,2.4E+16,NA,Primary,NA,NA,NA,NA,2.93E+12,5.2667E+15,22500000,12600,##########,##########,FALSE
10370 Hylonome,FALSO,3779000000,0,0,0,0,1,0,0,33,0,0,0,39x37x25,2.74,0,34757,2.4E+16,NA,Primary,NA,NA,NA,NA,1.84E+12,3.31695E+15,22500000,12600,##########,##########,FALSE
136108 Haumea,VERDADERO,6432011461,2147483647,2147483647,19126,28.19,3,401,809,33,0,498,6102,1960 x 1518 x 996,103774,3.92,38349,4.01E+21,2400000000,Primary,NA,NA,0.66,9080000000,1.08E+12,1.94881E+16,22500000,21100000000,##########,1.2873E+16,FALSE
136199 Eris,VERDADERO,10180000000,2147483647,2147483647,44068,440445,3,0.82,1380,1163,0,0,0,NA,203830,25.92,38357,1.66E+22,6590000000,Primary,NA,NA,0.96,3.03E+11,68500000000,1.23329E+16,2790000000,8740000000,##########,2.1274E+16,FALSE
136472 Makemake,VERDADERO,6783345606,2147483647,2147483647,15586,2900685,44652,0.5,800,725,745,715,0.05,NA,112897,0,38442,4.4E+21,1700000000,Primary,NA,NA,0.81,966000000,1.03E+12,1.84971E+16,10800000000,23200000000,##########,1.27E+16,FALSE
15760 Albion,FALSO,6547379000,0,0,0,0,1,0,0,33,0,0,0,39x37x25,2.74,0,33846,2.4E+16,NA,Primary,NA,NA,NA,NA,1.06E+12,1.91447E+15,22500000,12600,##########,##########,FALSE
2 Pallas,FALSO,414717000,0,0,0,0,1,0,0,33,0,0,0,39x37x25,2.74,0,28/03/1802,2.4E+16,NA,Primary,NA,NA,NA,NA,1.67916E+16,3.02248E+16,22500000,12600,##########,1.8533E+13,FALSE
20000 Varuna,FALSO,6451398000,0,0,0,0,1,0,0,33,0,0,0,39x37x25,2.74,0,36858,2.4E+16,NA,Primary,NA,NA,NA,NA,1.08E+12,1.94295E+15,22500000,12600,##########,##########,FALSE
2060 Chiron,FALSO,2042652000,0,0,0,0,1,0,0,33,0,0,0,39x37x25,2.74,0,28416,2.4E+16,NA,Primary,NA,NA,NA,NA,3.41E+11,6.13651E+16,22500000,12600,##########,##########,FALSE
21 Lutetia,FALSO,364277000,0,0,0,0,1,0,0,33,0,0,0,39x37x25,2.74,0,12/11/1852,2.4E+16,NA,Primary,NA,NA,NA,NA,1.91166E+16,3.44099E+15,22500000,12600,##########,##########,FALSE
216 Kleopatra,FALSO,417796000,0,0,0,0,1,0,0,33,0,0,0,39x37x25,2.74,0,10/04/1880,2.4E+16,NA,Primary,NA,NA,NA,NA,1.66678E+16,3.00021E+16,22500000,12600,##########,##########,FALSE
243 Ida,FALSO,428000000,0,0,0,0,1,0,0,33,0,0,0,39x37x25,2.74,0,29/09/1884,2.4E+16,NA,Primary,NA,NA,NA,NA,1.62704E+16,2.92868E+15,22500000,12600,##########,##########,FALSE
25143 Itokawa,FALSO,198049628,0,0,0,0,1,0,0,33,0,0,0,39x37x25,2.74,0,36064,2.4E+16,NA,Primary,NA,NA,NA,NA,3.51616E+15,6.3291E+15,22500000,12600,##########,8.12648E+13,FALSE
253 Mathilde,FALSO,395900000,0,0,0,0,1,0,0,33,0,0,0,39x37x25,2.74,0,12/11/1885,2.4E+16,NA,Primary,NA,NA,NA,NA,1.75897E+16,3.16614E+15,22500000,12600,##########,2.03367E+13,FALSE
2867 � teins,FALSO,353495000,0,0,0,0,1,0,0,33,0,0,0,39x37x25,2.74,0,25511,2.4E+16,NA,Primary,NA,NA,NA,NA,1.96997E+16,3.54595E+15,22500000,12600,##########,2.55084E+13,FALSE
28978 Ixion,FALSO,5910896000,0,0,0,0,1,0,0,33,0,0,0,39x37x25,2.74,0,37033,2.4E+16,NA,Primary,NA,NA,NA,NA,1.18E+12,2.12062E+16,22500000,12600,##########,##########,FALSE
3 Junon,FALSO,399480000,0,0,0,0,1,0,0,33,0,0,0,39x37x25,2.74,0,12/01/1804,2.4E+16,NA,Primary,NA,NA,NA,NA,1.7432E+16,3.13777E+15,22500000,12600,##########,1.99738E+13,FALSE
3753 Cruithne,FALSO,149260000,0,0,0,0,1,0,0,33,0,0,0,39x37x25,2.74,0,31695,2.4E+16,NA,Primary,NA,NA,NA,NA,4.66552E+16,8.39793E+15,22500000,12600,9.97741E+15,1.43075E+14,FALSE
4 Vesta,FALSO,353343000,0,0,0,0,1,0,0,33,0,0,0,39x37x25,2.74,0,29/03/1807,2.4E+16,NA,Primary,NA,NA,NA,NA,1.97082E+16,3.54747E+15,22500000,12600,##########,##########,FALSE
4179 Toutatis,FALSO,377326000,0,0,0,0,1,0,0,33,0,0,0,39x37x25,2.74,0,32512,2.4E+16,NA,Primary,NA,NA,NA,NA,1.84555E+16,3.32199E+14,22500000,12600,##########,2.23881E+13,FALSE
433 Eros,FALSO,218155000,0,0,0,0,1,0,0,33,0,0,0,39x37x25,2.74,0,13/08/1898,2.4E+16,NA,Primary,NA,NA,NA,NA,3.19211E+16,5.7458E+15,22500000,12600,##########,##########,FALSE
45 Eugenia,FALSO,406934000,0,0,0,0,1,0,0,33,0,0,0,39x37x25,2.74,0,27/06/1857,2.4E+16,NA,Primary,NA,NA,NA,NA,1.71127E+16,3.08029E+15,22500000,12600,##########,1.92488E+13,FALSE
47171 Lempo,FALSO,5884000000,0,0,0,0,1,0,0,33,0,0,0,39x37x25,2.74,0,36434,2.4E+16,NA,Primary,NA,NA,NA,NA,1.18E+12,2.13031E+16,22500000,12600,##########,##########,FALSE
4769 Castalia,FALSO,159053000,0,0,0,0,1,0,0,33,0,0,0,39x37x25,2.74,0,32729,2.4E+16,NA,Primary,NA,NA,NA,NA,4.37826E+15,7.88086E+15,22500000,12600,##########,1.25999E+14,FALSE
5 Astraea,FALSO,384877000,0,0,0,0,1,0,0,33,0,0,0,39x37x25,2.74,0,08/12/1845,2.4E+16,NA,Primary,NA,NA,NA,NA,1.80934E+15,3.25682E+14,22500000,12600,##########,##########,FALSE
50000 Quaoar,FALSO,6489054000,0,0,0,0,1,0,0,33,0,0,0,39x37x25,2.74,0,37411,2.4E+16,NA,Primary,NA,NA,NA,NA,1.07E+12,1.93168E+16,22500000,12600,##########,##########,FALSE
5145 Pholus,FALSO,3055227000,0,0,0,0,1,0,0,33,0,0,0,39x37x25,2.74,0,33612,2.4E+16,NA,Primary,NA,NA,NA,NA,2.28E+12,4.10272E+15,22500000,12600,##########,##########,FALSE
5261 Eureka,FALSO,227908000,0,0,0,0,1,0,0,33,0,0,0,39x37x25,2.74,0,33044,2.4E+16,NA,Primary,NA,NA,NA,NA,3.05551E+16,5.49992E+15,22500000,12600,##########,6.13665E+13,FALSE
5335 Damocles,FALSO,8368303000,0,0,0,0,1,0,0,33,0,0,0,39x37x25,2.74,0,33287,2.4E+16,NA,Primary,NA,NA,NA,NA,8320000000,1.49788E+16,22500000,12600,##########,##########,FALSE
588 Achilles,FALSO,776669000,0,0,0,0,1,0,0,33,0,0,0,39x37x25,2.74,0,2245,2.4E+16,NA,Primary,NA,NA,NA,NA,8.97E+11,1.61391E+16,22500000,12600,##########,##########,FALSE
6 Hebe,FALSO,362959000,0,0,0,0,1,0,0,33,0,0,0,39x37x25,2.74,0,01/07/1847,2.4E+16,NA,Primary,NA,NA,NA,NA,1.91861E+16,3.45349E+15,22500000,12600,##########,2.41955E+13,FALSE
624 Hektor,FALSO,781183000,0,0,0,0,1,0,0,33,0,0,0,39x37x25,2.74,0,2598,2.4E+16,NA,Primary,NA,NA,NA,NA,8.91E+11,1.60459E+16,22500000,12600,##########,##########,FALSE
7 Iris,FALSO,357019000,0,0,0,0,1,0,0,33,0,0,0,39x37x25,2.74,0,13/08/1847,2.4E+16,NA,Primary,NA,NA,NA,NA,1.95053E+16,3.51095E+14,22500000,12600,##########,2.50074E+13,FALSE
7066 Nessus,FALSO,3689000000,0,0,0,0,1,0,0,33,0,0,0,39x37x25,2.74,0,34085,2.4E+16,NA,Primary,NA,NA,NA,NA,1.89E+12,3.39787E+15,22500000,12600,##########,##########,FALSE
762 Pulcova,FALSO,472579673,0,0,0,0,1,0,0,33,0,0,0,39x37x25,2.74,0,4995,2.4E+16,NA,Primary,NA,NA,NA,NA,1.47356E+16,2.65241E+14,22500000,12600,##########,1.42725E+13,FALSE
8 Flora,FALSO,329313000,0,0,0,0,1,0,0,33,0,0,0,39x37x25,2.74,0,18/10/1847,2.4E+16,NA,Primary,NA,NA,NA,NA,2.11463E+16,3.80633E+15,22500000,12600,##########,##########,FALSE
8405 Asbolus,FALSO,2694000000,0,0,0,0,1,0,0,33,0,0,0,39x37x25,2.74,0,34786,2.4E+16,NA,Primary,NA,NA,NA,NA,2.58E+12,4.65284E+15,22500000,12600,##########,##########,FALSE
87 Sylvia,FALSO,522135000,0,0,0,0,1,0,0,33,0,0,0,39x37x25,2.74,0,16/05/1866,2.4E+16,NA,Primary,NA,NA,NA,NA,1.33371E+16,2.40067E+15,22500000,12600,##########,##########,FALSE
9 Metis,FALSO,357052000,0,0,0,0,1,0,0,33,0,0,0,39x37x25,2.74,0,25/04/1848,2.4E+16,NA,Primary,NA,NA,NA,NA,1.95035E+16,3.51062E+14,22500000,12600,##########,2.50027E+13,FALSE
90377 Sedna,FALSO,75660000000,0,0,0,0,1,0,0,33,0,0,0,39x37x25,2.74,0,37939,2.4E+16,NA,Primary,NA,NA,NA,NA,9200000000,1.65673E+15,22500000,12600,##########,##########,FALSE
90482 Orcus,FALSO,5862440000,0,0,0,0,1,0,0,33,0,0,0,39x37x25,2.74,0,38034,2.4E+16,NA,Primary,NA,NA,NA,NA,1.19E+12,2.13815E+15,22500000,12600,##########,##########,FALSE
951 Gaspra,FALSO,330513000,0,0,0,0,1,0,0,33,0,0,0,39x37x25,2.74,0,6056,2.4E+16,NA,Primary,NA,NA,NA,NA,2.10695E+15,3.79251E+15,22500000,12600,##########,##########,FALSE
Adrastea,FALSO,129000,0,0,2,54,1,2,0,8,0,0,0,10 x 8 x 7,29826,7158,29044,2E+15,NA,Secondary,Jupiter,NA,NA,NA,##########,##########,132000,10500,8.62E+11,1.6E+19,FALSE
Aegaeon,FALSO,167500,0,0,0,1,1,0,0,0.5,0,0,0,NA,808,19.63,39675,1E+11,NA,Secondary,Saturn,NA,NA,NA,##########,##########,516,1,1.11967E+16,4.7338E+14,FALSE
Aegir,FALSO,20749800,0,0,252,166.7,1,0,0,3,0,0,0,NA,1116.5,0,38333,1.5E+14,NA,Secondary,Saturn,NA,NA,NA,3.35591E+16,##########,186000,79,1.38704E+15,4.62703E+13,FALSE
Aitne,FALSO,23315000,0,0,264,165.1,1,12,0,44682,0,0,0,NA,730.2,0,37244,4.5E+13,NA,Secondary,Jupiter,NA,NA,NA,2.98668E+16,##########,46400,237,1.55851E+15,##########,FALSE
Albiorix,FALSO,16401100,0,0,469,34,1,0,0,13,0,0,0,NA,783.5,13.32,36839,2.23E+16,NA,Secondary,Saturn,NA,NA,NA,4.24578E+16,##########,3490000,117000,1.09635E+16,1.101E+16,FALSE
Alexhelios,FALSO,775,0,0,0,0,1,0,0,33,0,0,0,39x37x25,2.74,0,39709,2.4E+16,NA,Secondary,216 Kleopatra,NA,NA,NA,##########,##########,22500000,12600,5180000000,5.31E+24,FALSE
Amalthea,FALSO,181400,181150,182840,3,0.38,44564,0.02,0,84,0,0,0,125 x 73 x 64,49818,119563,09/09/1892,7.5E+18,NA,Secondary,Jupiter,NA,NA,NA,##########,##########,146000000,3950000,1.21258E+15,3.03E+22,FALSE
Ananke,FALSO,21276000,0,0,244,148.9,1,0.01,0,10,0,0,0,NA,629.8,0,18899,4E+16,NA,Secondary,Jupiter,NA,NA,NA,3.27295E+16,##########,2060000,211000,1.42221E+16,1.1736E+16,FALSE
Anthe,FALSO,197700,0,0,1,0.1,1,0,0,1,0,0,0,NA,44652,0,39232,5E+12,NA,Secondary,Saturn,NA,NA,NA,##########,##########,2060,3,1.32154E+16,1.699E+16,FALSE
Aoede,FALSO,23969000,0,0,432,158.3,1,0,0,2,0,0,0,NA,761.5,0,2003,9E+13,NA,Secondary,Jupiter,NA,NA,NA,2.90519E+15,##########,8250,474,1.60223E+16,2.08057E+13,FALSE
Arche,FALSO,23355000,0,0,259,165,1,12,0,44682,0,0,0,NA,762.7,0,37560,4.15E+13,NA,Secondary,Jupiter,NA,NA,NA,2.98156E+16,##########,46400,218,1.56119E+16,##########,FALSE
Ariel,FALSO,190900,190670,191130,12,0.04,2,0,0,581.1,0,0,0,NA,252038,604891,24/10/1851,1.29E+21,NA,Secondary,Uranus,NA,NA,NA,##########,##########,696000000,679000000,1.27609E+16,4.7E+24,FALSE
Atlas,FALSO,137670,0,0,0,0.3,1,0,0,33,0,0,0,42x36x18,602,0,29537,7E+15,NA,Secondary,Saturn,NA,NA,NA,##########,##########,22500000,36800,92000000000,4.91E+19,FALSE
Autonoe,FALSO,24033000,0,0,334,152.9,1,15,0,2,0,0,0,NA,715.4,0,37235,9E+13,NA,Secondary,Jupiter,NA,NA,NA,2.89745E+16,##########,8250,474,1.60651E+16,##########,FALSE
Bebhionn,FALSO,17117800,0,0,469,35,1,0,0,3,0,0,0,NA,834.8,0,38333,1.5E+14,NA,Secondary,Saturn,NA,NA,NA,4.06796E+15,##########,186000,79,1.14425E+16,6.79884E+13,FALSE
Belinda,FALSO,75300,0,0,0,0.03,1,0,0,45,0,0,0,NA,62353,0,31425,4.9E+17,NA,Secondary,Uranus,NA,NA,NA,##########,##########,4180000,2580000,50300000000,1.15E+22,FALSE
Bergelmir,FALSO,19338300,0,0,142,158.5,1,0,0,3,0,0,0,NA,1005.9,0,38333,1.5E+14,NA,Secondary,Saturn,NA,NA,NA,3.60086E+16,##########,186000,79,1.29269E+16,5.32714E+13,FALSE
Bestla,FALSO,20278000,0,0,521,145.2,1,0,0,3,0,0,0,NA,1083.6,0,38334,2.3E+14,NA,Secondary,Saturn,NA,NA,NA,3.43399E+15,##########,186000,1210,1.3555E+16,7.42877E+13,FALSE
Bianca,FALSO,59200,0,0,0,0.19,1,0,0,27,0,0,0,NA,43458,0,31435,9.2E+16,NA,Secondary,Uranus,NA,NA,NA,##########,##########,15000000,484000,39600000000,3.49E+21,FALSE
Caliban,FALSO,7231100,0,0,1812,141.53,1,0,0,36,0,0,0,NA,-579.5,0,35679,2.5E+17,NA,Secondary,Uranus,NA,NA,NA,9.63032E+15,##########,26700000,1320000,4.83369E+15,6.35E+17,FALSE
Callirrhoe,FALSO,24102000,0,0,283,147.1,1,31,0,4,0,0,0,NA,758.8,0,36439,8.7E+14,NA,Secondary,Jupiter,NA,NA,NA,2.88916E+15,##########,33000,458,1.61112E+16,1.98908E+14,FALSE
Callisto,FALSO,1882700,0,0,7,192,1.83,1235,0,186335,0,0,0,NA,1668902,400536,07/01/1610,1.08E+39,NA,Secondary,Jupiter,NA,NA,NA,3.71144E+15,##########,1.2E+11,56800000000,1.25851E+16,4.05E+24,FALSE
Calypso,FALSO,294710,0,0,1,1473,1,0,0,33,0,0,0,31x24x21,1.89,0,29293,6.5E+15,NA,Secondary,Saturn,NA,NA,NA,##########,##########,22500000,34200,1.97001E+16,9.94E+18,FALSE
Carme,FALSO,23404000,0,0,253,164.9,1,17,0,15,0,0,0,NA,734.2,0,14091,1E+17,NA,Secondary,Jupiter,NA,NA,NA,2.97538E+15,##########,4640000,52600,1.56446E+16,2.4247E+16,FALSE
Carpo,FALSO,17078000,0,0,0.43,51.4,1,0,0,3,0,0,0,NA,456.1,0,2003,4.5E+13,NA,Secondary,Jupiter,NA,NA,NA,4.07744E+16,##########,186000,237,1.14159E+16,##########,FALSE
Chaldene,FALSO,23179000,0,0,251,165.2,1,0,0,44805,0,0,0,NA,723.8,0,36853,7.5E+13,NA,Secondary,Jupiter,NA,NA,NA,3.0042E+16,##########,7440,395,1.54942E+16,##########,FALSE
Charon,FALSO,17536,0,0,0,0,1,0,0,33,0,0,0,39x37x25,2.74,0,28593,2.4E+16,NA,Secondary,Pluto,NA,NA,NA,##########,##########,22500000,12600,1.17E+12,1.04E+22,FALSE
Cleoselene,FALSO,380,0,0,0,0,1,0,0,33,0,0,0,39x37x25,2.74,0,39709,2.4E+16,NA,Secondary,216 Kleopatra,NA,NA,NA,##########,##########,22500000,12600,25400000000,2.21E+25,FALSE
Comet Hyakutake,FALSO,0,0,0,0,0,1,0,0,33,0,0,0,39x37x25,2.74,0,35094,2.4E+16,NA,Primary,NA,NA,NA,NA,Inf,Inf,22500000,12600,0,Inf,FALSE
Cordelia,FALSO,49800,0,0,0,0.08,1,0,0,20,0,0,0,NA,33503,0,31432,4.5E+16,NA,Secondary,Uranus,NA,NA,NA,##########,##########,825000,237000,3.33E+11,2.41E+21,FALSE
Cressida,FALSO,61800,0,0,0,0.01,1,0,0,41,0,0,0,NA,46357,0,31421,3.4E+17,NA,Secondary,Uranus,NA,NA,NA,##########,46813,34700000,1790000,4130000000,1.18E+22,FALSE
Cupid,FALSO,74392,0,0,0,0.1,1,0,0,9,0,0,0,NA,613,0,37858,3.8E+15,NA,Secondary,Uranus,NA,NA,NA,##########,##########,1670000,0,4.97E+11,9.12E+19,FALSE
Cyllene,FALSO,23787000,0,0,319,149.3,1,0,0,1,0,0,0,NA,737.8,0,2003,1.5E+13,NA,Secondary,Jupiter,NA,NA,NA,2.92741E+16,##########,2060,8,1.59006E+16,##########,FALSE
Daphnis,FALSO,136500,0,0,0,0,0,0,0,33,0,0,0,9x8x6,594,0,39934,1E+14,NA,Secondary,Saturn,NA,NA,NA,##########,##########,22500000,53,9.12E+11,7.13E+17,FALSE
Deimos,FALSO,23458,23456,23471,0,1075,2,3,5556,33,44780,44566,0,15.0 x 12 x 10.4,126244,3029856,12/08/1877,2.4E+15,2957583,Secondary,Mars,NA,NA,NA,##########,##########,22500000,1260,1.57E+12,5.79E+20,FALSE
Desdemona,FALSO,62700,0,0,0,0.11,1,0,0,35,0,0,0,NA,47365,0,31425,1.8E+17,NA,Secondary,Uranus,NA,NA,NA,##########,##########,25300000,94700,4.19E+12,6.08E+21,FALSE
Despina,FALSO,52526,0,0,0,0.07,1,23,0,33,0,0,0,90 x 74 x 64,33466,0,32717,2E+18,NA,Secondary,Neptune,NA,NA,NA,##########,##########,22500000,10500000,3.51E+11,9.63E+22,FALSE
Dia,FALSO,12555000,0,0,211,28.23,1,0,0,2,0,0,0,NA,287,0,36887,9E+13,NA,Secondary,Jupiter,NA,NA,NA,5.54635E+15,##########,8250,474,8.3925E+15,7.58313E+13,FALSE
Dione,FALSO,377415,376580,378260,22,0.02,1,0,0,1123.4,0,0,0,NA,2.74,0,21/03/1684,1.1E+21,NA,Secondary,Saturn,NA,NA,NA,##########,##########,26000000000,579000000,2.52286E+16,1.03E+24,FALSE
Dysnomia,FALSO,30000,0,0,0,0,1,0,0,33,0,0,0,39x37x25,2.74,0,??/09/2005,2.4E+16,NA,Secondary,136199 Eris,NA,NA,NA,232125,4178.25,22500000,12600,2.01E+11,3.54E+21,FALSE
Earth,VERDADERO,149598262,147095000,152100000,167,0,55136,10,11190,63710084,63781366,1627735,335,NA,365256,239345,NA,5.97E+24,1.08E+12,Primary,NA,306,367,8.93545E+15,4.69733E+15,8.4552E+15,83700000000,3.14211E+15,##########,3.54E+22,FALSE
Eirene,FALSO,23493000,0,0,0.22,163.1,1,0,0,2,0,0,0,NA,759.7,0,2003,9E+13,NA,Secondary,Jupiter,NA,NA,NA,2.96405E+16,##########,8250,474,1.57041E+15,2.16573E+13,FALSE
Elara,FALSO,11741000,0,0,217,26.63,1,31,0,40,0,0,0,NA,2596528,0,1829,8E+17,NA,Secondary,Jupiter,NA,NA,NA,5.9312E+14,##########,3300000,4210000,7.84837E+15,7.7076E+17,FALSE
Enceladus,FALSO,238037,236830,239066,45,0,2,0,0,504.2,0,0,0,NA,1.37,32.88,28/08/1789,1.08E+20,NA,Secondary,Saturn,NA,NA,NA,##########,##########,524000000,568000000,1.59118E+15,2.53E+23,FALSE
Epimetheus,FALSO,151410,0,0,9,0.34,1,0,0,113.4,0,0,0,116x117x106,0.69,0,24459,5.3E+17,NA,Secondary,Saturn,NA,NA,NA,##########,##########,265000000,279000,1.01211E+16,3.07E+21,FALSE
Erinome,FALSO,23283000,0,0,266,164.9,1,0,0,44713,0,0,0,NA,728.3,0,36853,4.5E+13,NA,Secondary,Jupiter,NA,NA,NA,2.99078E+15,##########,5280,237,1.55637E+16,##########,FALSE
Erriapus,FALSO,17611400,0,0,474,34.6,1,0,0,4,0,0,0,NA,871.2,0,36792,6.8E+14,NA,Secondary,Saturn,NA,NA,NA,3.95395E+15,##########,33000,3580,1.17725E+16,2.91179E+14,FALSE
Ersa,FALSO,11483000,0,0,94,44742,1,0,0,44682,0,0,0,NA,252,0,43298,2.4E+16,NA,Secondary,Jupiter,NA,NA,NA,6.06413E+15,##########,46400,12600,7.67591E+15,2.4174E+16,FALSE
Euanthe,FALSO,21038000,0,0,232,148.9,1,12,0,44682,0,0,0,NA,620.6,0,37236,4.5E+13,NA,Secondary,Jupiter,NA,NA,NA,3.30993E+15,##########,46400,237,1.4063E+16,1.35034E+13,FALSE
Eukelade,FALSO,23322000,0,0,272,165.5,1,0,0,4,0,0,0,NA,746.4,0,2003,9E+13,NA,Secondary,Jupiter,NA,NA,NA,2.98579E+16,##########,33000,474,1.55898E+15,##########,FALSE
Eupheme,FALSO,20230000,0,0,253,148,1,0,0,1,0,0,0,NA,504,0,2003,1.5E+13,NA,Secondary,Jupiter,NA,NA,NA,3.44213E+15,##########,2060,8,1.35229E+16,##########,FALSE
Euporie,FALSO,19339000,0,0,144,145.8,1,0,0,1,0,0,0,NA,553.1,0,37236,1.5E+13,NA,Secondary,Jupiter,NA,NA,NA,3.60072E+15,##########,2060,8,1.29273E+16,5.32675E+12,FALSE
Europa,FALSO,671100,0,0,9,466,44564,1,0,1560.8,0,0,0,NA,355118,852293,08/01/1610,4.8E+22,NA,Secondary,Jupiter,NA,NA,NA,##########,##########,5020000000,25300000000,4.48603E+15,1.42E+25,FALSE
Eurydome,FALSO,23148000,0,0,276,150.3,1,12,0,44682,0,0,0,NA,723.9,0,37244,4.5E+13,NA,Secondary,Jupiter,NA,NA,NA,3.00822E+15,##########,46400,237,1.54735E+16,##########,FALSE
Farbauti,FALSO,20387000,0,0,206,156.4,1,0,0,3,0,0,0,NA,1086.1,0,38333,9E+13,NA,Secondary,Saturn,NA,NA,NA,3.41563E+15,##########,186000,474,1.36279E+15,##########,FALSE
Fenrir,FALSO,22454800,0,0,136,164.9,1,0,0,2,0,0,0,NA,1260.3,0,38334,5E+13,NA,Secondary,Saturn,NA,NA,NA,3.10109E+16,##########,8250,26,1.50101E+15,##########,FALSE
Ferdinand,FALSO,20430000,0,0,3993,169.79,1,0,0,10,0,0,0,NA,-2823.4,0,37116,5.4E+15,NA,Secondary,Uranus,NA,NA,NA,3.40848E+15,##########,2060000,28400,1.36566E+16,1.7183E+15,FALSE
Fornjot,FALSO,25151200,0,0,206,170.4,1,0,0,3,0,0,0,NA,1490.9,0,38333,1.5E+14,NA,Secondary,Saturn,NA,NA,NA,2.76864E+14,##########,186000,79,1.68125E+16,##########,FALSE
Francisco,FALSO,4282900,0,0,1324,147.25,1,0,0,11,0,0,0,NA,-266.6,0,37116,7.2E+15,NA,Secondary,Uranus,NA,NA,NA,1.62589E+15,##########,2500000,3790,2.86294E+16,5.2131E+16,FALSE
Galatea,FALSO,61953,0,0,0,0.05,1,0,0,33,0,0,0,102 x 92 x 72,42875,0,32717,2E+18,NA,Secondary,Neptune,NA,NA,NA,##########,##########,22500000,10500000,4.14E+12,6.92E+22,FALSE
Ganymede,FALSO,1070400,0,0,1,177,2,1428,0,267025,0,0,0,NA,715455,1717093,11/01/1610,1.48E+39,NA,Secondary,Jupiter,NA,NA,NA,6.53002E+15,##########,1.43E+11,77900000000,7.15518E+15,1.72E+25,FALSE
Greip,FALSO,18442200,0,0,326,179.8,1,0,0,3,0,0,0,NA,921.2,0,38722,1.5E+14,NA,Secondary,Saturn,NA,NA,NA,3.77582E+15,##########,186000,79,1.23278E+16,5.8574E+13,FALSE
Halimede,FALSO,16611000,0,0,571,134.1,1,0.01,0,30,0,0,0,NA,1879.7,0,37482,2E+17,NA,Secondary,Neptune,NA,NA,NA,4.19223E+15,##########,18600000,1050000,1.11038E+16,9.6267E+16,FALSE
Halley's Comet,FALSO,2677801885,0,0,0,0,1,0,0,33,0,0,0,39x37x25,2.74,0,NA,2.4E+16,NA,Primary,NA,NA,NA,NA,2.6E+11,4.68098E+16,22500000,12600,##########,##########,FALSE
Harpalyke,FALSO,21104000,0,0,226,148.6,1,0,0,44594,0,0,0,NA,623.3,0,36853,1.2E+14,NA,Secondary,Jupiter,NA,NA,NA,3.29958E+15,##########,9980,6,1.41072E+15,3.57842E+13,FALSE
Hati,FALSO,19775000,0,0,372,165.8,1,0,0,3,0,0,0,NA,1038.7,0,38333,1.5E+14,NA,Secondary,Saturn,NA,NA,NA,3.52134E+14,##########,186000,79,1.32188E+16,5.09445E+13,FALSE
Hegemone,FALSO,23566000,0,0,328,155.2,1,0,0,2,0,0,0,NA,739.6,0,2003,4.5E+13,NA,Secondary,Jupiter,NA,NA,NA,2.95487E+16,##########,8250,237,1.57529E+15,##########,FALSE
Helene,FALSO,377420,0,0,5,0,44621,0,0,33,0,0,0,39x37x25,2.74,0,29281,2.4E+16,NA,Secondary,Saturn,NA,NA,NA,##########,##########,22500000,12600,2.5229E+15,2.24E+19,FALSE
Helike,FALSO,21064000,0,0,156,154.8,1,0,0,4,0,0,0,NA,634.8,0,2003,9E+13,NA,Secondary,Jupiter,NA,NA,NA,3.30586E+15,##########,33000,474,1.40804E+16,##########,FALSE
Hermippe,FALSO,21300000,0,0,0.21,150.7,1,15,0,2,0,0,0,NA,633.9,0,37244,9E+13,NA,Secondary,Jupiter,NA,NA,NA,3.26922E+15,##########,8250,474,1.42382E+15,##########,FALSE
Herse,FALSO,23405000,0,0,0.2,164.2,1,0,0,2,0,0,0,NA,717.3,0,2003,1.5E+13,NA,Secondary,Jupiter,NA,NA,NA,2.97519E+16,##########,8250,8,1.56453E+16,##########,FALSE
Hiʻiaka,FALSO,49500,0,0,0,0,1,0,0,33,0,0,0,39x37x25,2.74,0,38378,2.4E+16,NA,Secondary,136108 Haumea,NA,NA,NA,##########,##########,22500000,12600,3.31E+11,1.3E+21,FALSE
Himalia,FALSO,11461000,9782900,13082000,162,44708,1,62,0,85,0,0,0,NA,2505662,77808,1799,9.5E+18,NA,Secondary,Jupiter,NA,NA,NA,6.07649E+16,##########,14900000,0,7.66121E+15,9.61E+18,FALSE
Hippocamp,FALSO,105200,0,0,0,0,1,0,0,17,0,0,0,NA,0.95,0,41456,3E+16,NA,Secondary,Neptune,NA,NA,NA,##########,##########,59600,158000,7.03E+11,3.6E+20,FALSE
Hydra,FALSO,64749,0,0,0,0,1,0,0,33,0,0,0,39x37x25,2.74,0,38487,2.4E+16,NA,Secondary,Pluto,NA,NA,NA,##########,##########,22500000,12600,4.33E+12,7.6E+20,FALSE
Hyperion,FALSO,1500934,1466112,1535756,1042,0.43,1,0,0,266,0,0,0,328x260x214,21.28,0,16/09/1848,5.6E+18,NA,Secondary,Saturn,NA,NA,NA,4.64116E+16,##########,1460000000,29500000,1.00331E+16,3.3E+20,FALSE
Hyrrokkin,FALSO,18437300,0,0,333,151.4,1,0,0,4,0,0,0,NA,931.8,0,38333,3.5E+14,NA,Secondary,Saturn,NA,NA,NA,3.77683E+15,##########,33000,1840,1.23246E+16,1.36745E+14,FALSE
Iapetus,FALSO,3560851,3460068,3661612,283,14.72,44805,0,0,1471.2,0,0,0,NA,79.33,1735.92,25/10/1671,1.81E+21,NA,Secondary,Saturn,NA,NA,NA,1.95968E+16,##########,4460000000,953000000,2.38028E+15,1.9E+22,FALSE
Ijiraq,FALSO,11367400,0,0,316,49.1,1,0,0,5,0,0,0,NA,451.4,0,36792,1.18E+15,NA,Secondary,Saturn,NA,NA,NA,6.12582E+15,##########,51600,621,7.59864E+15,1.21283E+15,FALSE
Io,FALSO,421800,0,0,4,36,4,1.79,0,1821.5,0,0,0,NA,176914,424593,07/01/1610,8.93E+22,NA,Secondary,Jupiter,NA,NA,NA,##########,##########,68400000000,4.70E-05,2.81956E+16,6.67E+25,FALSE
Iocaste,FALSO,21272000,0,0,216,149.4,1,0,0,44714,0,0,0,NA,631.5,0,36853,1.9E+14,NA,Secondary,Jupiter,NA,NA,NA,3.27353E+15,##########,13900,100,1.42195E+15,5.57669E+13,FALSE
Isonoe,FALSO,23231000,0,0,246,165.2,1,0,0,44805,0,0,0,NA,725.5,0,36853,7.5E+13,NA,Secondary,Jupiter,NA,NA,NA,2.99748E+15,##########,7440,395,1.5529E+16,##########,FALSE
Janus,FALSO,151460,0,0,7,0.14,1,0,0,33,0,0,0,195x194x152,0.7,0,24456,1.9E+18,NA,Secondary,Saturn,NA,NA,NA,##########,##########,22500000,1000000,1.01245E+16,1.1E+22,FALSE
Jarnsaxa,FALSO,19356400,0,0,216,163.3,1,0,0,3,0,0,0,NA,964.7,0,38722,1E+14,NA,Secondary,Saturn,NA,NA,NA,3.59749E+15,##########,186000,53,1.2939E+16,3.54479E+13,FALSE
Juliet,FALSO,64400,0,0,0,0.07,1,0,0,53,0,0,0,NA,49307,0,31415,5.6E+17,NA,Secondary,Uranus,NA,NA,NA,##########,##########,57900000,2950000,4.3E+11,1.79E+22,FALSE
Jupiter,VERDADERO,778340821,740379835,816620000,489,1304,13262,24.79,60200,69911,71492,66854,6487,NA,4332589,9925,NA,1.9E+27,1.43E+15,Primary,NA,503,538,##########,9.84E+11,1.77205E+16,1.00797E+16,1,##########,4.17E+23,FALSE
Kale,FALSO,23302000,0,0,0.26,165,1,0,0,1,0,0,0,NA,729.5,0,37244,1.5E+13,NA,Secondary,Jupiter,NA,NA,NA,2.98834E+15,##########,2060,8,1.55764E+16,##########,FALSE
Kallichore,FALSO,23273000,0,0,264,165.5,1,0,0,2,0,0,0,NA,764.7,0,2003,1.5E+13,NA,Secondary,Jupiter,NA,NA,NA,2.99207E+15,##########,8250,8,1.5557E+16,##########,FALSE
Kalyke,FALSO,23564000,0,0,245,165.2,1,0,0,44714,0,0,0,NA,743,0,36853,1.9E+14,NA,Secondary,Jupiter,NA,NA,NA,2.95512E+15,##########,13900,100,1.57516E+16,##########,FALSE
Kari,FALSO,22077100,0,0,478,156.3,1,0,0,3,0,0,0,NA,1233.6,0,38333,2.3E+14,NA,Secondary,Saturn,NA,NA,NA,3.15415E+15,##########,186000,1210,1.47576E+15,6.26734E+13,FALSE
Kerberos,FALSO,59000,0,0,0,0,1,0,0,33,0,0,0,39x37x25,2.74,0,40744,2.4E+16,NA,Secondary,Pluto,NA,NA,NA,##########,##########,22500000,12600,3.94E+11,9.16E+20,FALSE
Kiviuq,FALSO,11311100,0,0,334,48.7,1,0,0,7,0,0,0,NA,449.2,0,36745,2.79E+15,NA,Secondary,Saturn,NA,NA,NA,6.15633E+15,##########,1010000,1470,7.561E+15,2.8962E+15,FALSE
Kore,FALSO,24486000,0,0,325,145,1,0,0,1,0,0,0,NA,779.2,0,2003,1.5E+13,NA,Secondary,Jupiter,NA,NA,NA,2.84384E+15,##########,2060,8,1.63679E+16,##########,FALSE
Laomedeia,FALSO,23567000,0,0,424,34.7,1,0.01,0,20,0,0,0,NA,463007,0,37481,1E+17,NA,Secondary,Neptune,NA,NA,NA,2.95482E+16,##########,825000,52600,1.57536E+16,2.3913E+16,FALSE
Larissa,FALSO,73548,0,0,14,0.2,1,34,0,33,0,0,0,108 x 102 x 84,55465,0,29730,5E+18,NA,Secondary,Neptune,NA,NA,NA,##########,##########,22500000,2630000,4.92E+11,1.23E+23,FALSE
Leda,FALSO,11165000,0,0,164,27.46,1,73,0,5,0,0,0,NA,240.92,0,27283,6E+17,NA,Secondary,Jupiter,NA,NA,NA,6.23687E+16,##########,51600,316000,7.46334E+14,6.3925E+17,FALSE
Loge,FALSO,23065500,0,0,335,173.1,1,0,0,3,0,0,0,NA,1312,0,38334,1.5E+14,NA,Secondary,Saturn,NA,NA,NA,3.01899E+16,##########,186000,79,1.54183E+16,3.74459E+13,FALSE
Lysithea,FALSO,11717000,0,0,112,44648,1,13,0,12,0,0,0,NA,259.22,0,14067,8E+16,NA,Secondary,Jupiter,NA,NA,NA,5.94311E+15,##########,2970000,42100,7.83233E+15,7.7392E+16,FALSE
Mab,FALSO,97736,0,0,0,0.13,1,0,0,12,0,0,0,NA,923,0,37858,1E+16,NA,Secondary,Uranus,NA,NA,NA,##########,##########,2970000,52600,6.53E+11,1.39E+20,FALSE
Margaret,FALSO,23808000,0,0,6772,57.37,1,0,0,10,0,0,0,NA,1694.8,0,37862,5.4E+15,NA,Secondary,Uranus,NA,NA,NA,2.92487E+16,##########,2060000,28400,1.59147E+16,1.26528E+15,FALSE
Mars,VERDADERO,227943824,206700000,249200000,935,1.85,39341,3.71,5030,543969,3396.19,539131,589,NA,686.98,246229,NA,6.42E+23,1.63E+11,Primary,NA,0.25,0.17,7.78452E+15,3.06975E+16,5.52556E+15,23700000000,3.38E+11,##########,1.64E+21,FALSE
Megaclite,FALSO,14146700,0,0,421,152.8,1,0,0,44744,0,0,0,NA,752.8,0,36853,2.1E+14,NA,Secondary,Jupiter,NA,NA,NA,4.92231E+15,##########,15000,1110,9.45648E+15,1.39363E+14,FALSE
Mercury,VERDADERO,57909227,46001200,69816900,2056,7,54291,3.7,4250,196958,2440.53,197049,0,NA,87969,1407.6,NA,3.3E+23,60830000000,Primary,NA,88,142,7.93862E+14,1.20668E+16,##########,1.23E+11,1.74E+11,3.87099E+15,1.31E+22,FALSE
Methone,FALSO,194440,194421,194459,0,0,1,0,0,44713,0,0,0,NA,44562,0,38139,2E+13,NA,Secondary,Saturn,NA,NA,NA,##########,##########,5280,105,1.29975E+16,7.0258E+16,FALSE
Metis,FALSO,128000,127974,128026,1,19,1,5,0,22,0,0,0,30 x 20 x 17,29478,7075,28918,1E+17,NA,Secondary,Jupiter,NA,NA,NA,544034375,979261875,998000,52600,8.56E+11,8.11E+20,FALSE
Mimas,FALSO,185539,181770,189270,202,1.53,1,0,0,396.4,0,0,0,415x394x381,0.94,22.56,17/09/1789,3.79E+19,NA,Secondary,Saturn,NA,NA,NA,##########,##########,324000000,19900000,1.24025E+16,1.46E+23,FALSE
Miranda,FALSO,129900,129703,130041,13,4.34,44593,0,0,240,0,0,0,NA,141348,339235,17579,6.6E+19,NA,Secondary,Uranus,NA,NA,NA,##########,##########,1190000000,34700000,8.68E+11,5.19E+23,FALSE
Mneme,FALSO,21036000,0,0,227,148.6,1,0,0,2,0,0,0,NA,620,0,2003,1.5E+13,NA,Secondary,Jupiter,NA,NA,NA,3.31025E+15,##########,8250,8,1.40617E+16,##########,FALSE
Moon,FALSO,384400,363300,405500,549,5145,3344,1.62,2380,33,1738.1,1736,12,NA,273217,655728,NA,7.35E+22,21968000000,Secondary,Earth,NA,NA,NA,##########,##########,22500000,3.87E+11,2.56956E+16,6.61E+25,FALSE
Mundilfari,FALSO,18667900,0,0,0.21,169.4,1,0,0,3,0,0,0,NA,952.6,0,36792,2.3E+14,NA,Secondary,Saturn,NA,NA,NA,3.73017E+15,##########,186000,1210,1.24787E+16,8.76549E+13,FALSE
Naiad,FALSO,48227,0,0,0,4.74,1,0.01,0,33,0,0,0,48 x 30 x 26,2944,0,32769,2E+17,NA,Secondary,Neptune,NA,NA,NA,##########,##########,22500000,1050000,3.22E+12,1.14E+22,FALSE
Namaka,FALSO,39300,0,0,0,0,1,0,0,33,0,0,0,39x37x25,2.74,0,38533,2.4E+16,NA,Secondary,136108 Haumea,NA,NA,NA,##########,##########,22500000,12600,2.63E+11,2.06E+21,FALSE
Narvi,FALSO,19417300,0,0,431,145.8,1,0,0,3,0,0,0,NA,1003.9,0,37657,2.3E+14,NA,Secondary,Saturn,NA,NA,NA,3.58621E+15,##########,186000,1210,1.29797E+15,8.10195E+13,FALSE
Neptune,VERDADERO,4498396441,2147483647,2147483647,113,1769,1638,11.15,23560,24622,24764,24341,1708,NA,60189,44881,23/09/1846,1.02E+26,6.25E+13,Primary,NA,0.29,442,2.78582E+16,1.6E+11,2.88488E+15,1.25026E+16,5.36842E+15,##########,6.69E+20,FALSE
Nereid,FALSO,5513818,1372000,9655000,7512,7.23,1,71,0,170,0,0,0,NA,36013619,0,18019,3E+19,NA,Secondary,Neptune,NA,NA,NA,1.26321E+16,##########,5960000,158000000,3.68576E+15,1.31E+20,FALSE
Neso,FALSO,49285000,0,0,495,132.6,1,0,0,30,0,0,0,NA,9374,0,37482,1E+17,NA,Secondary,Neptune,NA,NA,NA,1.41295E+16,##########,18600000,52600,3.2945E+16,5.4678E+15,FALSE
Nix,FALSO,48708,0,0,0,0,1,0,0,33,0,0,0,39x37x25,2.74,0,38487,2.4E+16,NA,Secondary,Pluto,NA,NA,NA,##########,##########,22500000,12600,3.26E+11,1.34E+21,FALSE
Oberon,FALSO,583500,582702,584336,14,0.07,1.56,0,0,761.4,0,0,0,NA,1346323,3231176,11/01/1787,2.88E+21,NA,Secondary,Uranus,NA,NA,NA,##########,##########,12000000000,15200000000,3.90046E+16,1.12E+24,FALSE
Ophelia,FALSO,53800,0,0,99,0.1,1,0,0,21,0,0,0,NA,3764,0,31432,5.4E+16,NA,Secondary,Uranus,NA,NA,NA,##########,##########,909000,284000,3.6E+11,2.48E+21,FALSE
Orthosie,FALSO,21164000,0,0,281,145.9,1,8.10E-04,0,1,0,0,0,NA,622.6,0,37236,1.5E+13,NA,Secondary,Jupiter,NA,NA,NA,3.29022E+15,##########,2060,8,1.41473E+16,##########,FALSE
Paaliaq,FALSO,15024000,6908035,23139965,364,47.2,1,0,0,10,0,0,0,NA,686.9,0,36745,7.25E+15,NA,Secondary,Saturn,NA,NA,NA,4.63493E+14,##########,2060000,38200,1.00429E+16,4.2659E+15,FALSE
Pallene,FALSO,212280,0,0,0,0,1,0,0,33,0,0,0,5x4x4,1.14,0,38139,6E+13,NA,Secondary,Saturn,NA,NA,NA,##########,##########,22500000,32,1.419E+16,1.7684E+17,FALSE
Pan,FALSO,133580,0,0,0,0,0,0,0,33,0,0,0,35x32x21,575,0,29820,4.95E+15,NA,Secondary,Saturn,NA,NA,NA,##########,##########,22500000,26100,89300000000,3.68E+19,FALSE
Pandia,FALSO,11525000,0,0,0.18,44620,1,0,0,44682,0,0,0,NA,252,0,43298,2.4E+16,NA,Secondary,Jupiter,NA,NA,NA,6.04203E+16,##########,46400,12600,7.70399E+15,2.3998E+16,FALSE
Pandora,FALSO,141720,0,0,42,0,0,0,0,33,0,0,0,103x80x64,629,0,??/10/1980,1.4E+17,NA,Secondary,Saturn,NA,NA,NA,##########,##########,22500000,73700,9.47E+11,9.26E+20,FALSE
Pasiphae,FALSO,23624000,0,0,409,151.4,1,22,0,18,0,0,0,NA,743.6,0,2949,3E+17,NA,Secondary,Jupiter,NA,NA,NA,2.94768E+16,##########,668000,1580000,1.57917E+16,7.1393E+16,FALSE
Pasithee,FALSO,23090000,0,0,267,165.1,1,8.10E-04,0,1,0,0,0,NA,716.3,0,37236,1.5E+13,NA,Secondary,Jupiter,NA,NA,NA,3.01578E+16,##########,2060,8,1.54347E+15,##########,FALSE
Perdita,FALSO,76417,0,0,0,0.47,1,0,0,13,0,0,0,NA,638,0,31430,1.8E+19,NA,Secondary,Uranus,NA,NA,NA,##########,##########,3490000,9470000,5.11E+11,4.09E+39,FALSE
Philophrosyne,FALSO,22622000,0,0,194,143.6,1,0,0,1,0,0,0,NA,668.4,0,2003,1.5E+13,NA,Secondary,Jupiter,NA,NA,NA,3.07817E+15,##########,2060,8,1.51219E+15,##########,FALSE
Phobos,FALSO,9376,9234,9518,151,1075,44805,57,11.39,33,13,44570,0,26.8 x 22.4 x 18.4,31891,7653,12/08/1877,1.06E+16,5783.61,Secondary,Mars,NA,NA,NA,##########,##########,22500000,5580,62700000000,1.6E+22,FALSE
Phoebe,FALSO,12947913,0,0,164,174.8,2,0,0,214.4,0,0,0,230x220x210,548.2,92736,17/03/1899,8.29E+18,NA,Secondary,Saturn,NA,NA,NA,5.37968E+16,##########,94800000,43600000,8.65515E+14,6.57E+18,FALSE
Pluto,VERDADERO,5906440628,2147483647,2147483647,2488,17.16,2,0.62,1210,1188.3,1188.3,1195,0,NA,90465,-1532928,11007,1.3E+22,7150000000,Primary,NA,NA,575,31000000000,1.18E+12,2.12574E+15,29100000000,6840000000,##########,4.9492E+16,FALSE
Polydeuces,FALSO,377200,0,0,0,0,1,0,0,2,0,0,0,3x2x2,2.74,0,38281,1E+13,NA,Secondary,Saturn,NA,NA,NA,##########,##########,8250,5,2.52143E+16,9.3346E+15,FALSE
Portia,FALSO,66100,0,0,0,0.06,1,0,0,70,0,0,0,NA,5132,0,31415,1.7E+18,NA,Secondary,Uranus,NA,NA,NA,##########,##########,101000000,895000,4.42E+12,5.17E+22,FALSE
Praxidike,FALSO,21148000,0,0,0.23,149,1,0,0,44654,0,0,0,NA,625.3,0,36853,4.3E+14,NA,Secondary,Jupiter,NA,NA,NA,3.29272E+16,##########,238000,226,1.41366E+15,1.27694E+14,FALSE
Prometheus,FALSO,139380,0,0,204,0,0,0,0,33,0,0,0,133x79x61,613,0,??/10/1980,1.6E+17,NA,Secondary,Saturn,NA,NA,NA,##########,##########,22500000,84200,93200000000,1.09E+21,FALSE
Prospero,FALSO,16276800,0,0,4445,151.83,1,0,0,25,0,0,0,NA,-1977.3,0,36359,8.5E+16,NA,Secondary,Uranus,NA,NA,NA,4.27828E+15,##########,12900000,44700,1.08804E+16,4.2611E+16,FALSE
Proteus,FALSO,117646,0,0,0,0.04,1,75,0,33,0,0,0,220 x 208 x 202,112232,0,32675,5E+19,NA,Secondary,Neptune,NA,NA,NA,##########,##########,22500000,263000000,7.86E+11,4.8E+23,FALSE
Psamathe,FALSO,48096000,0,0,0.45,137.4,1,0,0,20,0,0,0,NA,2635469,0,37852,2E+16,NA,Secondary,Neptune,NA,NA,NA,1.44786E+16,##########,825000,105000,3.21502E+15,1.14829E+15,FALSE
Puck,FALSO,86000,0,0,0,0.32,1,0,0,81,0,0,0,NA,76183,0,31411,2.9E+18,NA,Secondary,Uranus,NA,NA,NA,##########,##########,135000000,1530000,5.75E+11,5.21E+22,FALSE
Remus,FALSO,706,0,0,0,0,1,0,0,33,0,0,0,39x37x25,2.74,0,38573,2.4E+16,NA,Secondary,87 Sylvia,NA,NA,NA,##########,##########,22500000,12600,4720000000,6.4E+24,FALSE
Rhea,FALSO,527068,526543,527597,1,0.35,1,0,0,1528.6,0,0,0,NA,4518,108432,23/12/1672,2.3E+21,NA,Secondary,Saturn,NA,NA,NA,##########,##########,4820000000,12100000000,3.52323E+15,1.1E+24,FALSE
Romulus,FALSO,1356,0,0,0,0,1,0,0,33,0,0,0,39x37x25,2.74,0,36940,2.4E+16,NA,Secondary,87 Sylvia,NA,NA,NA,##########,##########,22500000,12600,9060000000,1.73E+24,FALSE
Rosalind,FALSO,69900,0,0,0,0.28,1,0,0,36,0,0,0,NA,55846,0,31425,2.5E+16,NA,Secondary,Uranus,NA,NA,NA,##########,##########,26700000,132000,4.67E+11,6.8E+20,FALSE
S/2003 J 10,FALSO,23042000,0,0,214,164.1,1,0,0,1,0,0,0,NA,767,0,2003,1.5E+13,NA,Secondary,Jupiter,NA,NA,NA,3.02206E+16,##########,2060,8,1.54026E+16,##########,FALSE
S/2003 J 12,FALSO,17835000,0,0,376,145.8,1,0,0,0.5,0,0,0,NA,533.3,0,2003,1E+12,NA,Secondary,Jupiter,NA,NA,NA,3.90436E+15,##########,516,1,1.1922E+16,##########,FALSE
S/2003 J 16,FALSO,20948000,0,0,0.23,148.5,1,0,0,1,0,0,0,NA,595.4,0,2003,1.5E+13,NA,Secondary,Jupiter,NA,NA,NA,3.32415E+15,##########,2060,8,1.40029E+16,##########,FALSE
S/2003 J 18,FALSO,20494000,0,0,105,146.4,1,0,0,1,0,0,0,NA,606.3,0,2003,1.5E+13,NA,Secondary,Jupiter,NA,NA,NA,3.39779E+16,##########,2060,8,1.36994E+16,##########,FALSE
S/2003 J 19,FALSO,23532000,0,0,334,162.9,1,0,0,1,0,0,0,NA,701.3,0,2003,1.5E+13,NA,Secondary,Jupiter,NA,NA,NA,2.95913E+12,##########,2060,8,1.57302E+16,##########,FALSE
S/2003 J 2,FALSO,28332000,0,0,0.38,151.8,1,0,0,1,0,0,0,NA,982.5,0,2003,1.5E+13,NA,Secondary,Jupiter,NA,NA,NA,2.4578E+16,##########,2060,8,1.89388E+15,##########,FALSE
S/2003 J 23,FALSO,23549000,0,0,309,149.2,1,0,0,1,0,0,0,NA,759.7,0,2003,1.5E+13,NA,Secondary,Jupiter,NA,NA,NA,2.957E+15,##########,2060,8,1.57415E+16,##########,FALSE
S/2003 J 4,FALSO,23928000,0,0,204,144.9,1,0,0,1,0,0,0,NA,723.2,0,2003,1.5E+13,NA,Secondary,Jupiter,NA,NA,NA,2.91016E+15,##########,2060,8,1.59949E+16,##########,FALSE
S/2003 J 9,FALSO,23385000,0,0,269,164.5,1,0,0,0.5,0,0,0,NA,683,0,2003,1.5E+12,NA,Secondary,Jupiter,NA,NA,NA,2.97773E+16,##########,516,1,1.56319E+16,##########,FALSE
S/2004 S 12,FALSO,19867500,0,0,401,164,1,0,0,3,0,0,0,NA,1048,0,38333,9E+13,NA,Secondary,Saturn,NA,NA,NA,3.50495E+15,##########,186000,474,1.32806E+16,3.02828E+13,FALSE
S/2004 S 13,FALSO,18408700,0,0,273,167.4,1,0,0,3,0,0,0,NA,906,0,38333,1.5E+14,NA,Secondary,Saturn,NA,NA,NA,3.7827E+15,##########,186000,79,1.23055E+16,##########,FALSE
S/2004 S 17,FALSO,19449900,0,0,259,166.6,1,0,0,2,0,0,0,NA,986,0,38334,5E+13,NA,Secondary,Saturn,NA,NA,NA,3.58019E+16,##########,8250,26,1.30015E+16,1.75539E+13,FALSE
S/2004 S 3,FALSO,141000,0,0,0.02,0,1,0,0,2,0,0,0,NA,0.62,0,38159,2.4E+16,NA,Secondary,Saturn,NA,NA,NA,##########,##########,8250,12600,9.43E+11,1.6E+20,FALSE
S/2004 S 4,FALSO,140100,0,0,0,0,1,0,0,2,0,0,0,NA,0.61,0,38239,2.4E+16,NA,Secondary,Saturn,NA,NA,NA,##########,##########,8250,12600,9.37E+11,1.62E+20,FALSE
S/2004 S 6,FALSO,140000,0,0,2,0.02,1,0,0,44683,0,0,0,NA,0.61,0,38288,2.4E+16,NA,Secondary,Saturn,NA,NA,NA,##########,##########,129000,12600,9.36E+11,1.63E+20,FALSE
S/2004 S 7,FALSO,21005800,0,0,0.58,165.1,1,0,0,3,0,0,0,NA,1103,0,38333,1.5E+14,NA,Secondary,Saturn,NA,NA,NA,3.31501E+15,##########,186000,79,1.40415E+16,##########,FALSE
S/2006 S 1,FALSO,18797400,0,0,0.13,154.2,1,0,0,3,0,0,0,NA,970,0,38721,1E+14,NA,Secondary,Saturn,NA,NA,NA,3.70448E+15,##########,186000,53,1.25653E+16,3.75875E+13,FALSE
S/2006 S 3,FALSO,22100100,0,0,471,150.8,1,0,0,3,0,0,0,NA,1142,0,38722,1.5E+14,NA,Secondary,Saturn,NA,NA,NA,3.15087E+16,##########,186000,79,1.4773E+16,4.07889E+13,FALSE
S/2007 S 2,FALSO,16723300,0,0,218,176.7,1,0,0,3,0,0,0,NA,800,0,39203,1.5E+14,NA,Secondary,Saturn,NA,NA,NA,4.16392E+15,##########,186000,79,1.11788E+15,7.12339E+13,FALSE
S/2007 S 3,FALSO,18981900,0,0,0.13,177.2,1,0,0,3,0,0,0,NA,1100,0,39203,1.5E+14,NA,Secondary,Saturn,NA,NA,NA,3.66847E+15,##########,186000,79,1.26886E+15,5.52906E+13,FALSE
S/2009 S 1,FALSO,117000,0,0,0,0,1,0,0,0.3,0,0,0,NA,4715,0,40020,1E+11,NA,Secondary,Saturn,NA,NA,NA,##########,##########,19,1,7.82E+11,9.70214E+14,FALSE
S/2010 J 1,FALSO,23314335,0,0,0.32,163.2,1,0,0,1,0,0,0,NA,723.2,0,40428,2.4E+16,NA,Secondary,Jupiter,NA,NA,NA,2.98676E+15,##########,2060,12600,1.55847E+15,5.8641E+15,FALSE
S/2010 J 2,FALSO,20320000,0,0,307,150.4,1,0,0,0.5,0,0,0,NA,588.1,0,40429,2.4E+16,NA,Secondary,Jupiter,NA,NA,NA,3.42688E+15,##########,516,12600,1.35831E+16,7.7197E+15,FALSE
S/2011 J 1,FALSO,20155290,0,0,296,162.8,1,0,0,0.5,0,0,0,NA,580.7,0,40937,2.4E+16,NA,Secondary,Jupiter,NA,NA,NA,3.45489E+16,##########,516,12600,1.3473E+16,7.8464E+15,FALSE
S/2011 J 2,FALSO,23329710,0,0,332,148.8,1,0,0,0.5,0,0,0,NA,726.8,0,40937,2.4E+16,NA,Secondary,Jupiter,NA,NA,NA,2.98479E+14,##########,516,12600,1.55949E+15,5.8564E+15,FALSE
S/2015 (136472) 1,FALSO,21100,0,0,0,0,1,0,0,33,0,0,0,39x37x25,2.74,0,42486,2.4E+16,NA,Secondary,136472 Makemake,NA,NA,NA,##########,##########,22500000,12600,1.41E+11,7.16E+21,FALSE
S/2016 J 1,FALSO,20651000,0,0,141,139.8,1,0,0,0.5,0,0,0,NA,602.7,0,42892,2.4E+16,NA,Secondary,Jupiter,NA,NA,NA,3.37196E+16,##########,516,12600,1.38043E+16,7.4743E+15,FALSE
S/2017 J 1,FALSO,23587000,0,0,397,149.2,1,0,0,2,0,0,0,NA,734.2,0,42892,2.4E+16,NA,Secondary,Jupiter,NA,NA,NA,2.95224E+15,##########,8250,12600,1.57669E+16,5.7293E+15,FALSE
S/2017 J 2,FALSO,23303000,0,0,236,166.4,1,0,0,1,0,0,0,NA,723,0,43298,2.4E+16,NA,Secondary,Jupiter,NA,NA,NA,2.98821E+14,##########,2060,12600,1.55771E+15,5.8698E+15,FALSE
S/2017 J 3,FALSO,20694000,0,0,148,147.9,1,0,0,1,0,0,0,NA,606,0,43298,2.4E+16,NA,Secondary,Jupiter,NA,NA,NA,3.36495E+15,##########,2060,12600,1.38331E+16,7.4432E+15,FALSE
S/2017 J 5,FALSO,23232000,0,0,284,164.3,1,0,0,1,0,0,0,NA,719,0,43298,2.4E+16,NA,Secondary,Jupiter,NA,NA,NA,2.99734E+16,##########,2060,12600,1.55296E+16,5.9058E+15,FALSE
S/2017 J 6,FALSO,22455000,0,0,557,155.2,1,0,0,1,0,0,0,NA,683,0,43298,2.4E+16,NA,Secondary,Jupiter,NA,NA,NA,3.10106E+16,##########,2060,12600,1.50102E+16,6.3216E+15,FALSE
S/2017 J 7,FALSO,20627000,0,0,215,143.4,1,0,0,1,0,0,0,NA,603,0,43298,2.4E+16,NA,Secondary,Jupiter,NA,NA,NA,3.37588E+15,##########,2060,12600,1.37883E+16,7.4917E+15,FALSE
S/2017 J 8,FALSO,23233000,0,0,312,164.7,1,0,0,0.5,0,0,0,NA,720,0,43298,2.4E+16,NA,Secondary,Jupiter,NA,NA,NA,2.99721E+16,##########,516,12600,1.55303E+15,5.9053E+15,FALSE
S/2017 J 9,FALSO,21487000,0,0,229,152.7,1,0,0,44682,0,0,0,NA,639,0,43298,2.4E+16,NA,Secondary,Jupiter,NA,NA,NA,3.24077E+14,##########,46400,12600,1.43632E+15,6.904E+15,FALSE
Sao,FALSO,22228000,0,0,293,48.5,1,0.01,0,20,0,0,0,NA,370358,0,37482,1E+17,NA,Secondary,Neptune,NA,NA,NA,3.13281E+15,##########,825000,52600,1.48585E+14,2.6881E+16,FALSE
Saturn,VERDADERO,1426666422,1349823615,1503509229,565,2485,6871,10.44,36090,58232,60268,54364,9796,NA,10759.22,10656,NA,5.68E+26,8.27E+14,Primary,NA,342,499,##########,5.29E+11,9.52033E+14,6.99324E+15,2.98947E+16,##########,3.71E+22,FALSE
Setebos,FALSO,17420400,0,0,5908,158.24,1,0,0,24,0,0,0,NA,-2234.8,0,36359,7.5E+16,NA,Secondary,Uranus,NA,NA,NA,3.99742E+15,##########,11900000,395000,1.16448E+16,3.2823E+16,FALSE
Shoemaker-Levy 9,FALSO,0,0,0,0,0,1,0,0,33,0,0,0,39x37x25,2.74,0,34052,2.4E+16,NA,Primary,NA,NA,NA,NA,Inf,Inf,22500000,12600,0,Inf,FALSE
Siarnaq,FALSO,18015400,0,0,295,45.6,1,0,0,16,0,0,0,NA,895.6,0,36792,4.35E+16,NA,Secondary,Saturn,NA,NA,NA,3.86535E+15,##########,52800,229000,1.20426E+16,1.7801E+16,FALSE
Sinope,FALSO,23939000,0,0,0.25,158.1,1,14,0,14,0,0,0,NA,758.9,0,5316,8E+16,NA,Secondary,Jupiter,NA,NA,NA,2.90888E+15,##########,404000,42100,1.60022E+16,1.854E+16,FALSE
Skathi,FALSO,15614300,0,0,0.27,148.5,1,0,0,3,0,0,0,NA,728.2,0,36792,3.5E+14,NA,Secondary,Saturn,NA,NA,NA,4.45966E+15,##########,186000,1840,1.04375E+16,1.90661E+14,FALSE
Skoll,FALSO,17663300,0,0,464,161.2,1,0,0,3,0,0,0,NA,878.3,0,38333,1.5E+14,NA,Secondary,Saturn,NA,NA,NA,3.94233E+16,##########,186000,79,1.18072E+16,6.38538E+13,FALSE
Sponde,FALSO,23790000,0,0,312,151,1,0,0,1,0,0,0,NA,748.3,0,37244,1.5E+13,NA,Secondary,Jupiter,NA,NA,NA,2.92704E+16,##########,2060,8,1.59026E+16,##########,FALSE
Stephano,FALSO,8007400,0,0,2248,143.82,1,0,0,16,0,0,0,NA,-676.5,0,36359,2.2E+16,NA,Secondary,Uranus,NA,NA,NA,8.69643E+15,##########,52800,116000,5.35262E+15,4.557E+16,FALSE
Styx,FALSO,45000,0,0,0,0,1,0,0,33,0,0,0,39x37x25,2.74,0,41101,2.4E+16,NA,Secondary,Pluto,NA,NA,NA,15475,323362,22500000,12600,3.01E+11,1.57E+21,FALSE
Sun,FALSO,0,0,0,0,0,1408,274,617000,696342,0,0,0,39x37x25,2.74,601,NA,1.99E+30,1.41E+18,Primary,NA,NA,NA,NA,Inf,Inf,1,##########,0,Inf,FALSE
Surtur,FALSO,22920400,0,0,451,177.5,1,0,0,3,0,0,0,NA,1297.7,0,38333,1.5E+14,NA,Secondary,Saturn,NA,NA,NA,3.0381E+16,##########,186000,79,1.53213E+15,##########,FALSE
Suttungr,FALSO,19476700,0,0,114,175.8,1,0,0,3,0,0,0,NA,1016.7,0,36792,2.3E+14,NA,Secondary,Saturn,NA,NA,NA,3.57527E+15,##########,186000,1210,1.30194E+16,8.0526E+13,FALSE
Sycorax,FALSO,12179400,0,0,5219,159.42,1,0,0,75,0,0,0,NA,-1283.4,0,35679,2.3E+18,NA,Secondary,Uranus,NA,NA,NA,5.71799E+15,##########,116000000,12100000,8.14143E+15,2.0593E+18,FALSE
Tarqeq,FALSO,17909900,0,0,0.16,46.1,1,0,0,3,0,0,0,NA,887.5,0,38722,2.3E+14,NA,Secondary,Saturn,NA,NA,NA,3.88805E+15,##########,186000,1210,1.1972E+16,9.52315E+13,FALSE
Tarvos,FALSO,18263200,0,0,531,33.8,1,0,0,7,0,0,0,NA,926.2,0,36792,2.3E+15,NA,Secondary,Saturn,NA,NA,NA,3.81285E+15,##########,1010000,12100,1.22082E+16,9.15827E+14,FALSE
Taygete,FALSO,23363000,0,0,252,165.2,1,0,0,44683,0,0,0,NA,732.2,0,36853,1.6E+14,NA,Secondary,Jupiter,NA,NA,NA,2.98054E+16,##########,129000,84,1.56172E+15,##########,FALSE
Telesto,FALSO,294710,0,0,1,1158,1,0,0,33,0,0,0,30x23x14,1.89,0,29319,1E+16,NA,Secondary,Saturn,NA,NA,NA,##########,##########,22500000,52600,1.97001E+16,1.53E+19,FALSE
Tethys,FALSO,294672,294589,294648,0,1.86,985,0,0,1066,0,0,0,NA,1.89,45312,21/03/1684,6.18E+20,NA,Secondary,Saturn,NA,NA,NA,##########,##########,23400000000,3250000000,1.96976E+16,9.45E+23,FALSE
Thalassa,FALSO,50074,0,0,0,0.21,1,13,0,33,0,0,0,54 x 50 x 26,31149,0,32769,4E+17,NA,Secondary,Neptune,NA,NA,NA,##########,##########,22500000,2110000,3.35E+11,2.12E+22,FALSE
The Little Prince,FALSO,1190,0,0,0,0,1,0,0,33,0,0,0,39x37x25,2.74,0,36465,2.4E+16,NA,Secondary,45 Eugenia,NA,NA,NA,##########,##########,22500000,12600,795000000,2.25E+24,FALSE
Thebe,FALSO,221900,218000,226000,18,44774,1,0.02,0,49,0,0,0,58 x 49 x 42,6745,16188,28919,8E+17,NA,Secondary,Jupiter,NA,NA,NA,##########,##########,49500000,4210000,1.48331E+16,2.16E+21,FALSE
Thelxinoe,FALSO,21165000,0,0,221,151.4,1,0,0,2,0,0,0,NA,628.1,0,2003,1.5E+13,NA,Secondary,Jupiter,NA,NA,NA,3.29007E+16,##########,8250,8,1.41479E+16,##########,FALSE
Themisto,FALSO,7507000,5909000,8874300,242,43.08,1,29,0,4,0,0,0,NA,130.02,0,27667,6.9E+14,NA,Secondary,Jupiter,NA,NA,NA,9.27596E+15,##########,33000,363,5.01812E+15,1.6261E+15,FALSE
Thrymr,FALSO,20439600,0,0,0.47,175,1,0,0,3,0,0,0,NA,1094.3,0,36792,2.3E+14,NA,Secondary,Saturn,NA,NA,NA,3.40684E+15,##########,186000,1210,1.3663E+16,7.31177E+13,FALSE
Thyone,FALSO,21192000,0,0,229,148.5,1,15,0,2,0,0,0,NA,627.3,0,37236,9E+13,NA,Secondary,Jupiter,NA,NA,NA,3.28588E+15,##########,8250,474,1.4166E+15,2.66157E+13,FALSE
Titan,FALSO,1221865,1186680,1257060,292,0.33,2,0,0,2575,0,0,0,NA,15.95,382.8,25/03/1655,1.35E+23,NA,Secondary,Saturn,NA,NA,NA,5.72008E+15,##########,13700000000,71100000000,8.16766E+15,1.2E+25,FALSE
Titania,FALSO,436300,435800,436800,11,0.08,2,0,0,788.9,0,0,0,NA,##########,2089408,11/01/1787,3.42E+21,NA,Secondary,Uranus,NA,NA,NA,##########,##########,12800000000,1.80E-06,2.91649E+15,2.39E+24,FALSE
Trinculo,FALSO,8505200,0,0,2194,166.93,1,0,0,9,0,0,0,NA,-758.1,0,37116,3.9E+15,NA,Secondary,Uranus,NA,NA,NA,8.18736E+15,##########,1670000,20500,5.68538E+15,7.1604E+15,FALSE
Triton,FALSO,354759,354753,354765,0,157345,44683,0.78,0,1353.4,0,0,0,NA,587685,1410444,10/10/1846,2.14E+38,NA,Secondary,Neptune,NA,NA,NA,##########,##########,378000000,1.13E+11,2.37142E+15,2.26E+25,FALSE
Ultima Thule,FALSO,6633400000,0,0,0,0,1,0,0,33,0,0,0,39x37x25,2.74,0,41816,2.4E+16,NA,Primary,NA,NA,NA,NA,1.05E+11,1.88964E+15,22500000,12600,##########,##########,FALSE
Umbriel,FALSO,266000,265100,267500,39,0.13,1,0,0,584.7,0,0,0,NA,414418,99499,24/10/1851,1.22E+21,NA,Secondary,Uranus,NA,NA,NA,##########,##########,705000000,642000000,1.7781E+16,2.29E+24,FALSE
Uranus,VERDADERO,2870658186,2147483647,2147483647,457,772,1,8.87,21380,25362,25559,24973,2293,NA,30685.4,-17.24,13/03/1781,8.68E+25,6.83E+13,Primary,NA,0.3,488,2.96744E+14,2.51E+12,4.52533E+15,1.32654E+16,4.56842E+16,##########,1.4E+21,FALSE
Valetudo,FALSO,18980000,0,0,222,34,1,0,0,0.5,0,0,0,NA,533,0,43298,2.4E+16,NA,Secondary,Jupiter,NA,NA,NA,3.66882E+15,##########,516,12600,1.26873E+15,8.8483E+15,FALSE
Vanth,FALSO,8980,0,0,0,0,1,0,0,33,0,0,0,39x37x25,2.74,0,38669,2.4E+16,NA,Secondary,90482 Orcus,NA,NA,NA,##########,##########,22500000,12600,6E+11,3.95E+22,FALSE
Venus,VERDADERO,108208475,107477000,108939000,67,3.39,5243,8.87,10360,1516336,1516336,1516336,0,NA,224701,-5832.5,NA,4.87E+24,9.28E+11,Primary,NA,0.76,689,8.57034E+15,6.49112E+15,##########,75500000000,2.56316E+15,7.23329E+15,5.52E+22,FALSE
Weywot,FALSO,10000,0,0,0,0,1,0,0,33,0,0,0,39x37x25,2.74,0,39135,2.4E+16,NA,Secondary,50000 Quaoar,NA,NA,NA,696375,12534.75,22500000,12600,66800000000,3.19E+22,FALSE
Ymir,FALSO,23140400,0,0,187,167.9,1,0,0,9,0,0,0,NA,1315.4,0,36745,3.97E+15,NA,Secondary,Saturn,NA,NA,NA,3.00924E+16,##########,1670000,2090,1.54684E+16,9.84664E+14,FALSE
